set FOREIGN_KEY_CHECKS=0;


INSERT INTO `mydb`.`membro` (`id_membro`, `nome_membro`, `ginásio_id_ginásio`, `peso_membro`, `altura_membro`, `localidade_membro`, `data_nascimento_membro`, `tipo_de_inscrição_id_tipo`) VALUES (40005124, 'José Silva', 1, 76, 189, 'Braga', 1994/11/16, 1);
INSERT INTO `mydb`.`membro` (`id_membro`, `nome_membro`, `ginásio_id_ginásio`, `peso_membro`, `altura_membro`, `localidade_membro`, `data_nascimento_membro`, `tipo_de_inscrição_id_tipo`) VALUES (40005216, 'Bernardo Vieira', 1, 76, 178, 'Braga', 1994/07/12, 1);
INSERT INTO `mydb`.`membro` (`id_membro`, `nome_membro`, `ginásio_id_ginásio`, `peso_membro`, `altura_membro`, `localidade_membro`, `data_nascimento_membro`, `tipo_de_inscrição_id_tipo`) VALUES (40004215, 'Maria Lopes', 1, 86, 167, 'Braga', 1994/04/11, 2);
INSERT INTO `mydb`.`membro` (`id_membro`, `nome_membro`, `ginásio_id_ginásio`, `peso_membro`, `altura_membro`, `localidade_membro`, `data_nascimento_membro`, `tipo_de_inscrição_id_tipo`) VALUES (40005215, 'João Marques', 1, 87, 154, 'Braga', 1994/05/03, 3);
INSERT INTO `mydb`.`membro` (`id_membro`, `nome_membro`, `ginásio_id_ginásio`, `peso_membro`, `altura_membro`, `localidade_membro`, `data_nascimento_membro`, `tipo_de_inscrição_id_tipo`) VALUES (40006127, 'Rui Pereira', 1, 97, 176, 'Coimbra', 1994/07/02, 2);
INSERT INTO `mydb`.`membro` (`id_membro`, `nome_membro`, `ginásio_id_ginásio`, `peso_membro`, `altura_membro`, `localidade_membro`, `data_nascimento_membro`, `tipo_de_inscrição_id_tipo`) VALUES (40006126, 'Roberto Peixoto', 1, 110, 156, 'Viana do Castelo', 1997/01/06, 1);
INSERT INTO `mydb`.`membro` (`id_membro`, `nome_membro`, `ginásio_id_ginásio`, `peso_membro`, `altura_membro`, `localidade_membro`, `data_nascimento_membro`, `tipo_de_inscrição_id_tipo`) VALUES (40007235, 'Mariana Lopes', 1, 76, 165, 'Braga', 1999/07/08, 1);
INSERT INTO `mydb`.`membro` (`id_membro`, `nome_membro`, `ginásio_id_ginásio`, `peso_membro`, `altura_membro`, `localidade_membro`, `data_nascimento_membro`, `tipo_de_inscrição_id_tipo`) VALUES (40006121, 'Roberto Castro', 1, 86, 148, 'Porto', 1998/07/11, 1);
INSERT INTO `mydb`.`membro` (`id_membro`, `nome_membro`, `ginásio_id_ginásio`, `peso_membro`, `altura_membro`, `localidade_membro`, `data_nascimento_membro`, `tipo_de_inscrição_id_tipo`) VALUES (40007273, 'Maria Silva', 1, 48, 165, 'Coimbra', 1994/11/10, 3);
INSERT INTO `mydb`.`membro` (`id_membro`, `nome_membro`, `ginásio_id_ginásio`, `peso_membro`, `altura_membro`, `localidade_membro`, `data_nascimento_membro`, `tipo_de_inscrição_id_tipo`) VALUES (40007327, 'Tiago Pereira', 1, 97, 153, 'Braga', 1997/09/09, 2);
INSERT INTO `mydb`.`membro` (`id_membro`, `nome_membro`, `ginásio_id_ginásio`, `peso_membro`, `altura_membro`, `localidade_membro`, `data_nascimento_membro`, `tipo_de_inscrição_id_tipo`) VALUES (40009452, 'Rui Peixoto', 1, 86, 175, 'Braga', 1996/14/04, 2);
INSERT INTO `mydb`.`membro` (`id_membro`, `nome_membro`, `ginásio_id_ginásio`, `peso_membro`, `altura_membro`, `localidade_membro`, `data_nascimento_membro`, `tipo_de_inscrição_id_tipo`) VALUES (40008326, 'José Silva', 1, 86, 175, 'Braga', 1996/05/03, 2);
INSERT INTO `mydb`.`membro` (`id_membro`, `nome_membro`, `ginásio_id_ginásio`, `peso_membro`, `altura_membro`, `localidade_membro`, `data_nascimento_membro`, `tipo_de_inscrição_id_tipo`) VALUES (40007289, 'Bernardo Silva', 1, 76, 148, 'Braga', 1994/07/11, 3);
INSERT INTO `mydb`.`membro` (`id_membro`, `nome_membro`, `ginásio_id_ginásio`, `peso_membro`, `altura_membro`, `localidade_membro`, `data_nascimento_membro`, `tipo_de_inscrição_id_tipo`) VALUES (40007231, 'Mariana Pereira', 1, 87, 165, 'Braga', 2000/08/14, 1);
INSERT INTO `mydb`.`membro` (`id_membro`, `nome_membro`, `ginásio_id_ginásio`, `peso_membro`, `altura_membro`, `localidade_membro`, `data_nascimento_membro`, `tipo_de_inscrição_id_tipo`) VALUES (40008943, 'Roberto Vieira', 1, 67, 178, 'Porto', 1999/05/08, 1);
INSERT INTO `mydb`.`membro` (`id_membro`, `nome_membro`, `ginásio_id_ginásio`, `peso_membro`, `altura_membro`, `localidade_membro`, `data_nascimento_membro`, `tipo_de_inscrição_id_tipo`) VALUES (40007234, 'Maria Lopes', 1, 67, 165, 'Leiria', 1999/05/08, 1);
INSERT INTO `mydb`.`membro` (`id_membro`, `nome_membro`, `ginásio_id_ginásio`, `peso_membro`, `altura_membro`, `localidade_membro`, `data_nascimento_membro`, `tipo_de_inscrição_id_tipo`) VALUES (40008349, 'Mário Peixoto', 1, 45, 156, 'Porto', 1997/12/11, 1);
INSERT INTO `mydb`.`membro` (`id_membro`, `nome_membro`, `ginásio_id_ginásio`, `peso_membro`, `altura_membro`, `localidade_membro`, `data_nascimento_membro`, `tipo_de_inscrição_id_tipo`) VALUES (40007326, 'João Marques', 1, 76, 176, 'Viana do Castelo', 2000/08/19, 1);
INSERT INTO `mydb`.`membro` (`id_membro`, `nome_membro`, `ginásio_id_ginásio`, `peso_membro`, `altura_membro`, `localidade_membro`, `data_nascimento_membro`, `tipo_de_inscrição_id_tipo`) VALUES (40007819, 'Mariana Castro', 1, 87, 178, 'Leiria', 2000/08/21, 2);
INSERT INTO `mydb`.`membro` (`id_membro`, `nome_membro`, `ginásio_id_ginásio`, `peso_membro`, `altura_membro`, `localidade_membro`, `data_nascimento_membro`, `tipo_de_inscrição_id_tipo`) VALUES (40005126, 'Ana Pereira', 1, 69, 168, 'Porto', 2000/08/19, 3);
INSERT INTO `mydb`.`membro` (`id_membro`, `nome_membro`, `ginásio_id_ginásio`, `peso_membro`, `altura_membro`, `localidade_membro`, `data_nascimento_membro`, `tipo_de_inscrição_id_tipo`) VALUES (40008382, 'Mário Silva', 1, 86, 178, 'Braga', 1997/12/12, 2);
INSERT INTO `mydb`.`membro` (`id_membro`, `nome_membro`, `ginásio_id_ginásio`, `peso_membro`, `altura_membro`, `localidade_membro`, `data_nascimento_membro`, `tipo_de_inscrição_id_tipo`) VALUES (40008358, 'Maria Lopes', 1, 96, 176, 'Coimbra', 1996/01/23, 2);
INSERT INTO `mydb`.`membro` (`id_membro`, `nome_membro`, `ginásio_id_ginásio`, `peso_membro`, `altura_membro`, `localidade_membro`, `data_nascimento_membro`, `tipo_de_inscrição_id_tipo`) VALUES (40003267, 'Rui Vieira', 1, 98, 165, 'Viana do Castelo', 1999/05/08, 3);
INSERT INTO `mydb`.`membro` (`id_membro`, `nome_membro`, `ginásio_id_ginásio`, `peso_membro`, `altura_membro`, `localidade_membro`, `data_nascimento_membro`, `tipo_de_inscrição_id_tipo`) VALUES (40008938, 'Tiago Peixoto', 1, 87, 175, 'Leiria', 2000/08/19, 2);
INSERT INTO `mydb`.`membro` (`id_membro`, `nome_membro`, `ginásio_id_ginásio`, `peso_membro`, `altura_membro`, `localidade_membro`, `data_nascimento_membro`, `tipo_de_inscrição_id_tipo`) VALUES (40008483, 'José Silva', 1, 86, 178, 'Braga', 2000/08/19, 2);
INSERT INTO `mydb`.`membro` (`id_membro`, `nome_membro`, `ginásio_id_ginásio`, `peso_membro`, `altura_membro`, `localidade_membro`, `data_nascimento_membro`, `tipo_de_inscrição_id_tipo`) VALUES (40000042, 'Roberto Silva', 1, 76, 168, 'Braga', 1999/05/05, 3);
INSERT INTO `mydb`.`membro` (`id_membro`, `nome_membro`, `ginásio_id_ginásio`, `peso_membro`, `altura_membro`, `localidade_membro`, `data_nascimento_membro`, `tipo_de_inscrição_id_tipo`) VALUES (40007330, 'Bernardo Pereira', 1, 96, 148, 'Porto', 2000/08/19, 3);
INSERT INTO `mydb`.`membro` (`id_membro`, `nome_membro`, `ginásio_id_ginásio`, `peso_membro`, `altura_membro`, `localidade_membro`, `data_nascimento_membro`, `tipo_de_inscrição_id_tipo`) VALUES (40007532, 'Mariana Peixoto', 1, 68, 156, 'Leiria', 1997/12/11, 2);
INSERT INTO `mydb`.`membro` (`id_membro`, `nome_membro`, `ginásio_id_ginásio`, `peso_membro`, `altura_membro`, `localidade_membro`, `data_nascimento_membro`, `tipo_de_inscrição_id_tipo`) VALUES (40001125, 'Ana Lopes', 1, 66, 165, 'Braga', 1999/05/09, 2);
INSERT INTO `mydb`.`membro` (`id_membro`, `nome_membro`, `ginásio_id_ginásio`, `peso_membro`, `altura_membro`, `localidade_membro`, `data_nascimento_membro`, `tipo_de_inscrição_id_tipo`) VALUES (40002556, 'Mário Pereira', 1, 88, 178, 'Porto', 1997/12/11, 3);
INSERT INTO `mydb`.`membro` (`id_membro`, `nome_membro`, `ginásio_id_ginásio`, `peso_membro`, `altura_membro`, `localidade_membro`, `data_nascimento_membro`, `tipo_de_inscrição_id_tipo`) VALUES (40006178, 'Mariana Silva', 1, 68, 156, 'Coimbra', 1999/05/08, 2);
INSERT INTO `mydb`.`membro` (`id_membro`, `nome_membro`, `ginásio_id_ginásio`, `peso_membro`, `altura_membro`, `localidade_membro`, `data_nascimento_membro`, `tipo_de_inscrição_id_tipo`) VALUES (40007278, 'Maria Peixoto', 1, 68, 168, 'Braga', 1996/01/23, 1);
INSERT INTO `mydb`.`membro` (`id_membro`, `nome_membro`, `ginásio_id_ginásio`, `peso_membro`, `altura_membro`, `localidade_membro`, `data_nascimento_membro`, `tipo_de_inscrição_id_tipo`) VALUES (40007321, 'Roberto Pereira', 1, 99, 175, 'Porto', 1999/05/11, 1);
INSERT INTO `mydb`.`membro` (`id_membro`, `nome_membro`, `ginásio_id_ginásio`, `peso_membro`, `altura_membro`, `localidade_membro`, `data_nascimento_membro`, `tipo_de_inscrição_id_tipo`) VALUES (40001786, 'Bernardo Vieira', 1, 67, 156, 'Braga', 1996/01/23, 2);
INSERT INTO `mydb`.`membro` (`id_membro`, `nome_membro`, `ginásio_id_ginásio`, `peso_membro`, `altura_membro`, `localidade_membro`, `data_nascimento_membro`, `tipo_de_inscrição_id_tipo`) VALUES (40005251, 'Rui Silva', 1, 53, 148, 'Braga', 2000/08/19, 2);
INSERT INTO `mydb`.`membro` (`id_membro`, `nome_membro`, `ginásio_id_ginásio`, `peso_membro`, `altura_membro`, `localidade_membro`, `data_nascimento_membro`, `tipo_de_inscrição_id_tipo`) VALUES (40006615, 'João Marques', 1, 81, 178, 'Viana do Castelo', 1997/12/11, 2);
INSERT INTO `mydb`.`membro` (`id_membro`, `nome_membro`, `ginásio_id_ginásio`, `peso_membro`, `altura_membro`, `localidade_membro`, `data_nascimento_membro`, `tipo_de_inscrição_id_tipo`) VALUES (40002425, 'José Silva', 1, 68, 165, 'Porto', 1999/05/09, 3);
INSERT INTO `mydb`.`membro` (`id_membro`, `nome_membro`, `ginásio_id_ginásio`, `peso_membro`, `altura_membro`, `localidade_membro`, `data_nascimento_membro`, `tipo_de_inscrição_id_tipo`) VALUES (40005125, 'Tiago Lopes', 1, 92, 165, 'Viana do Castelo', 1995/05/06, 2);
INSERT INTO `mydb`.`membro` (`id_membro`, `nome_membro`, `ginásio_id_ginásio`, `peso_membro`, `altura_membro`, `localidade_membro`, `data_nascimento_membro`, `tipo_de_inscrição_id_tipo`) VALUES (40006378, 'Maria Silva', 1, 92, 176, 'Porto', 2000/08/19, 1);
INSERT INTO `mydb`.`membro` (`id_membro`, `nome_membro`, `ginásio_id_ginásio`, `peso_membro`, `altura_membro`, `localidade_membro`, `data_nascimento_membro`, `tipo_de_inscrição_id_tipo`) VALUES (40007261, 'Mário Peixoto', 1, 81, 148, 'Coimbra', 1997/12/16, 2);
INSERT INTO `mydb`.`membro` (`id_membro`, `nome_membro`, `ginásio_id_ginásio`, `peso_membro`, `altura_membro`, `localidade_membro`, `data_nascimento_membro`, `tipo_de_inscrição_id_tipo`) VALUES (40006367, 'Mariana Pereira', 1, 61, 168, 'Leiria', 1996/01/23, 3);
INSERT INTO `mydb`.`membro` (`id_membro`, `nome_membro`, `ginásio_id_ginásio`, `peso_membro`, `altura_membro`, `localidade_membro`, `data_nascimento_membro`, `tipo_de_inscrição_id_tipo`) VALUES (40007288, 'Mariana Castro', 1, 76, 175, 'Braga', 1999/05/08, 2);
INSERT INTO `mydb`.`membro` (`id_membro`, `nome_membro`, `ginásio_id_ginásio`, `peso_membro`, `altura_membro`, `localidade_membro`, `data_nascimento_membro`, `tipo_de_inscrição_id_tipo`) VALUES (40009993, 'Roberto Peixoto', 1, 63, 156, 'Braga', 1999/05/04, 2);
INSERT INTO `mydb`.`membro` (`id_membro`, `nome_membro`, `ginásio_id_ginásio`, `peso_membro`, `altura_membro`, `localidade_membro`, `data_nascimento_membro`, `tipo_de_inscrição_id_tipo`) VALUES (40002727, 'Rui Silva', 1, 87, 148, 'Coimbra', 2000/08/19, 3);
INSERT INTO `mydb`.`membro` (`id_membro`, `nome_membro`, `ginásio_id_ginásio`, `peso_membro`, `altura_membro`, `localidade_membro`, `data_nascimento_membro`, `tipo_de_inscrição_id_tipo`) VALUES (40005176, 'Tiago Lopes', 1, 67, 165, 'Braga', 1997/12/11, 2);
INSERT INTO `mydb`.`membro` (`id_membro`, `nome_membro`, `ginásio_id_ginásio`, `peso_membro`, `altura_membro`, `localidade_membro`, `data_nascimento_membro`, `tipo_de_inscrição_id_tipo`) VALUES (40006216, 'Mariana Castro', 1, 97, 178, 'Viana do Castelo', 2000/08/19, 1);
INSERT INTO `mydb`.`membro` (`id_membro`, `nome_membro`, `ginásio_id_ginásio`, `peso_membro`, `altura_membro`, `localidade_membro`, `data_nascimento_membro`, `tipo_de_inscrição_id_tipo`) VALUES (40007328, 'José Silva', 1, 87, 178, 'Braga', 1996/01/26, 2);
INSERT INTO `mydb`.`membro` (`id_membro`, `nome_membro`, `ginásio_id_ginásio`, `peso_membro`, `altura_membro`, `localidade_membro`, `data_nascimento_membro`, `tipo_de_inscrição_id_tipo`) VALUES (40007233, 'Maria Pereira', 1, 67, 176, 'Porto', 1995/05/09, 3);
INSERT INTO `mydb`.`membro` (`id_membro`, `nome_membro`, `ginásio_id_ginásio`, `peso_membro`, `altura_membro`, `localidade_membro`, `data_nascimento_membro`, `tipo_de_inscrição_id_tipo`) VALUES (40006167, 'Bernardo Peixoto', 1, 85, 178, 'Coimbra', 2000/08/19, 3);
INSERT INTO `mydb`.`membro` (`id_membro`, `nome_membro`, `ginásio_id_ginásio`, `peso_membro`, `altura_membro`, `localidade_membro`, `data_nascimento_membro`, `tipo_de_inscrição_id_tipo`) VALUES (40001586, 'Rui Silva', 1, 85, 148, 'Porto', 1999/05/25, 2);
INSERT INTO `mydb`.`membro` (`id_membro`, `nome_membro`, `ginásio_id_ginásio`, `peso_membro`, `altura_membro`, `localidade_membro`, `data_nascimento_membro`, `tipo_de_inscrição_id_tipo`) VALUES (40006161, 'Roberto Lopes', 1, 98, 156, 'Braga', 1997/12/11, 1);
INSERT INTO `mydb`.`membro` (`id_membro`, `nome_membro`, `ginásio_id_ginásio`, `peso_membro`, `altura_membro`, `localidade_membro`, `data_nascimento_membro`, `tipo_de_inscrição_id_tipo`) VALUES (40008929, 'Mariana Vieira', 1, 66, 178, 'Braga', 1999/05/09, 1);
INSERT INTO `mydb`.`membro` (`id_membro`, `nome_membro`, `ginásio_id_ginásio`, `peso_membro`, `altura_membro`, `localidade_membro`, `data_nascimento_membro`, `tipo_de_inscrição_id_tipo`) VALUES (40006620, 'Maria Silva', 1, 65, 168, 'Braga', 1996/01/23, 1);
INSERT INTO `mydb`.`membro` (`id_membro`, `nome_membro`, `ginásio_id_ginásio`, `peso_membro`, `altura_membro`, `localidade_membro`, `data_nascimento_membro`, `tipo_de_inscrição_id_tipo`) VALUES (40007217, 'João Marques', 1, 87, 148, 'Porto', 2000/08/14, 2);
INSERT INTO `mydb`.`membro` (`id_membro`, `nome_membro`, `ginásio_id_ginásio`, `peso_membro`, `altura_membro`, `localidade_membro`, `data_nascimento_membro`, `tipo_de_inscrição_id_tipo`) VALUES (40003616, 'Mário Peixoto', 1, 76, 178, 'Porto', 1997/12/11, 1);
INSERT INTO `mydb`.`membro` (`id_membro`, `nome_membro`, `ginásio_id_ginásio`, `peso_membro`, `altura_membro`, `localidade_membro`, `data_nascimento_membro`, `tipo_de_inscrição_id_tipo`) VALUES (40006163, 'José Silva', 1, 98, 156, 'Leiria', 2000/08/02, 2);
INSERT INTO `mydb`.`membro` (`id_membro`, `nome_membro`, `ginásio_id_ginásio`, `peso_membro`, `altura_membro`, `localidade_membro`, `data_nascimento_membro`, `tipo_de_inscrição_id_tipo`) VALUES (40007282, 'Tiago Pereira', 1, 66, 175, 'Viana do Castelo', 1999/05/25, 1);
INSERT INTO `mydb`.`membro` (`id_membro`, `nome_membro`, `ginásio_id_ginásio`, `peso_membro`, `altura_membro`, `localidade_membro`, `data_nascimento_membro`, `tipo_de_inscrição_id_tipo`) VALUES (40007246, 'Roberto Silva', 1, 76, 165, 'Braga', 1995/05/06, 3);
INSERT INTO `mydb`.`membro` (`id_membro`, `nome_membro`, `ginásio_id_ginásio`, `peso_membro`, `altura_membro`, `localidade_membro`, `data_nascimento_membro`, `tipo_de_inscrição_id_tipo`) VALUES (40007277, 'Rui Pereira', 1, 78, 168, 'Porto', 2000/08/21, 3);
INSERT INTO `mydb`.`membro` (`id_membro`, `nome_membro`, `ginásio_id_ginásio`, `peso_membro`, `altura_membro`, `localidade_membro`, `data_nascimento_membro`, `tipo_de_inscrição_id_tipo`) VALUES (40008721, 'Bernardo Lopes', 1, 99, 165, 'Braga', 1999/05/07, 3);
INSERT INTO `mydb`.`membro` (`id_membro`, `nome_membro`, `ginásio_id_ginásio`, `peso_membro`, `altura_membro`, `localidade_membro`, `data_nascimento_membro`, `tipo_de_inscrição_id_tipo`) VALUES (40006136, 'Maria Peixoto', 1, 78, 165, 'Braga', 1997/12/12, 1);
INSERT INTO `mydb`.`membro` (`id_membro`, `nome_membro`, `ginásio_id_ginásio`, `peso_membro`, `altura_membro`, `localidade_membro`, `data_nascimento_membro`, `tipo_de_inscrição_id_tipo`) VALUES (40007787, 'José Silva', 1, 67, 148, 'Braga', 2000/08/11, 2);
INSERT INTO `mydb`.`membro` (`id_membro`, `nome_membro`, `ginásio_id_ginásio`, `peso_membro`, `altura_membro`, `localidade_membro`, `data_nascimento_membro`, `tipo_de_inscrição_id_tipo`) VALUES (40001316, 'Roberto Lopes', 1, 56, 156, 'Coimbra', 1996/01/26, 3);
INSERT INTO `mydb`.`membro` (`id_membro`, `nome_membro`, `ginásio_id_ginásio`, `peso_membro`, `altura_membro`, `localidade_membro`, `data_nascimento_membro`, `tipo_de_inscrição_id_tipo`) VALUES (40007216, 'Mariana Silva', 1, 76, 178, 'Braga', 2000/08/14, 2);
INSERT INTO `mydb`.`membro` (`id_membro`, `nome_membro`, `ginásio_id_ginásio`, `peso_membro`, `altura_membro`, `localidade_membro`, `data_nascimento_membro`, `tipo_de_inscrição_id_tipo`) VALUES (40004158, 'Maria Vieira', 1, 87, 168, 'Porto', 1996/01/28, 1);
INSERT INTO `mydb`.`membro` (`id_membro`, `nome_membro`, `ginásio_id_ginásio`, `peso_membro`, `altura_membro`, `localidade_membro`, `data_nascimento_membro`, `tipo_de_inscrição_id_tipo`) VALUES (40005128, 'Bernardo Silva', 1, 66, 156, 'Coimbra', 1999/05/08, 2);
INSERT INTO `mydb`.`membro` (`id_membro`, `nome_membro`, `ginásio_id_ginásio`, `peso_membro`, `altura_membro`, `localidade_membro`, `data_nascimento_membro`, `tipo_de_inscrição_id_tipo`) VALUES (4000511, 'José Silva', 1, 71, 178, 'Braga', 1997/12/15, 3);
INSERT INTO `mydb`.`membro` (`id_membro`, `nome_membro`, `ginásio_id_ginásio`, `peso_membro`, `altura_membro`, `localidade_membro`, `data_nascimento_membro`, `tipo_de_inscrição_id_tipo`) VALUES (40006978, 'Maria Lopes', 1, 91, 175, 'Braga', 1999/05/08, 2);
INSERT INTO `mydb`.`membro` (`id_membro`, `nome_membro`, `ginásio_id_ginásio`, `peso_membro`, `altura_membro`, `localidade_membro`, `data_nascimento_membro`, `tipo_de_inscrição_id_tipo`) VALUES (40005127, 'Rui Lopes', 1, 71, 178, 'Coimbra', 1997/12/16, 2);
INSERT INTO `mydb`.`membro` (`id_membro`, `nome_membro`, `ginásio_id_ginásio`, `peso_membro`, `altura_membro`, `localidade_membro`, `data_nascimento_membro`, `tipo_de_inscrição_id_tipo`) VALUES (40005226, 'João Marques', 1, 72, 168, 'Porto', 2000/08/19, 3);

-- ----------------------------------------------TIPO DE INSCRIÇÃO-------------------------------------------------------------

INSERT INTO `mydb`.`tipo_de_inscrição` (`id_tipo`, `nome_tipo`) VALUES (1, 'Full-Pass');
INSERT INTO `mydb`.`tipo_de_inscrição` (`id_tipo`, `nome_tipo`) VALUES (2, 'Low-Cost');
INSERT INTO `mydb`.`tipo_de_inscrição` (`id_tipo`, `nome_tipo`) VALUES (3, 'Atleta');

-- -----------------------------------------------CONSULTA------------------------------------------------------------

INSERT INTO `mydb`.`consulta` (`id_consulta`, `tipo_consulta`, `data_consulta`, `nutricionista_id_nutricionista`, `membro_id_membro`) VALUES (1, 'Nutrição', '2020/12/16', 30002142, 40005124);
INSERT INTO `mydb`.`consulta` (`id_consulta`, `tipo_consulta`, `data_consulta`, `nutricionista_id_nutricionista`, `membro_id_membro`) VALUES (2, 'Acompanhamento Físico', '2020/12/16', 30005215, 40005216);
INSERT INTO `mydb`.`consulta` (`id_consulta`, `tipo_consulta`, `data_consulta`, `nutricionista_id_nutricionista`, `membro_id_membro`) VALUES (4, 'Check-Up', '2020/12/16', 30006216, 40006126);
INSERT INTO `mydb`.`consulta` (`id_consulta`, `tipo_consulta`, `data_consulta`, `nutricionista_id_nutricionista`, `membro_id_membro`) VALUES (3, 'Performance', '2020/12/17', 30007241, 40006121);
INSERT INTO `mydb`.`consulta` (`id_consulta`, `tipo_consulta`, `data_consulta`, `nutricionista_id_nutricionista`, `membro_id_membro`) VALUES (5, 'Acompanhamento Físico', '2020/12/17', 30005215, 40007235);
INSERT INTO `mydb`.`consulta` (`id_consulta`, `tipo_consulta`, `data_consulta`, `nutricionista_id_nutricionista`, `membro_id_membro`) VALUES (6, 'Performance', '2020/12/18', 30007241, 40007231);
INSERT INTO `mydb`.`consulta` (`id_consulta`, `tipo_consulta`, `data_consulta`, `nutricionista_id_nutricionista`, `membro_id_membro`) VALUES (7, 'Nutrição', '2020/12/19', 30002142, 40008943);
INSERT INTO `mydb`.`consulta` (`id_consulta`, `tipo_consulta`, `data_consulta`, `nutricionista_id_nutricionista`, `membro_id_membro`) VALUES (8, 'Check-Up', '2020/12/17', 30007241, 40007234);
INSERT INTO `mydb`.`consulta` (`id_consulta`, `tipo_consulta`, `data_consulta`, `nutricionista_id_nutricionista`, `membro_id_membro`) VALUES (9, 'Nutrição', '2020/12/20', 30002142, 40008349);
INSERT INTO `mydb`.`consulta` (`id_consulta`, `tipo_consulta`, `data_consulta`, `nutricionista_id_nutricionista`, `membro_id_membro`) VALUES (10, 'Acompanhamento Físico', '2020/12/19', 30005215, 40007326);

-- ----------------------------------------------------------------NUTRICIONISTA------------------------------------------------------------------

INSERT INTO `mydb`.`nutricionista` (`id_nutricionista`, `nome_nutricionista`, `ginásio_id_ginásio`) VALUES (30002142, 'Mariana Cabaças', 1);
INSERT INTO `mydb`.`nutricionista` (`id_nutricionista`, `nome_nutricionista`, `ginásio_id_ginásio`) VALUES (30001245, 'Filipa Pinheiro', 1);
INSERT INTO `mydb`.`nutricionista` (`id_nutricionista`, `nome_nutricionista`, `ginásio_id_ginásio`) VALUES (30002131, 'Marta Gonçalves', 1);
INSERT INTO `mydb`.`nutricionista` (`id_nutricionista`, `nome_nutricionista`, `ginásio_id_ginásio`) VALUES (30005215, 'Francisca Carvalho', 1);
INSERT INTO `mydb`.`nutricionista` (`id_nutricionista`, `nome_nutricionista`, `ginásio_id_ginásio`) VALUES (30002151, 'Maria Matos', 1);
INSERT INTO `mydb`.`nutricionista` (`id_nutricionista`, `nome_nutricionista`, `ginásio_id_ginásio`) VALUES (30005251, 'Sara Carvalho', 1);
INSERT INTO `mydb`.`nutricionista` (`id_nutricionista`, `nome_nutricionista`, `ginásio_id_ginásio`) VALUES (30006216, 'Fátima Lopes', 1);
INSERT INTO `mydb`.`nutricionista` (`id_nutricionista`, `nome_nutricionista`, `ginásio_id_ginásio`) VALUES (30008469, 'João Mendonça', 1);
INSERT INTO `mydb`.`nutricionista` (`id_nutricionista`, `nome_nutricionista`, `ginásio_id_ginásio`) VALUES (30004654, 'Rui Costa', 1);
INSERT INTO `mydb`.`nutricionista` (`id_nutricionista`, `nome_nutricionista`, `ginásio_id_ginásio`) VALUES (30007241, 'Rui Manuel', 1);

-- ----------------------------------------------------------GINASIO---------------------------------------------------------------

INSERT INTO `mydb`.`ginásio` (`id_ginásio`, `nome_ginásio`) VALUES (1, 'Ginásio Académico');

-- --------------------------------------------------------------STAFF------------------------------------------------------------------------------

INSERT INTO `mydb`.`staff` (`id_staff`, `nome_staff`, `ginásio_id_ginásio`) VALUES (00002313, 'João Beira', 1);
INSERT INTO `mydb`.`staff` (`id_staff`, `nome_staff`, `ginásio_id_ginásio`) VALUES (00004212, 'Ricardo Martins', 1);
INSERT INTO `mydb`.`staff` (`id_staff`, `nome_staff`, `ginásio_id_ginásio`) VALUES (00004215, 'João Silva', 1);
INSERT INTO `mydb`.`staff` (`id_staff`, `nome_staff`, `ginásio_id_ginásio`) VALUES (00002455, 'Nelsón Matos', 1);
INSERT INTO `mydb`.`staff` (`id_staff`, `nome_staff`, `ginásio_id_ginásio`) VALUES (00007483, 'Maria Costa', 1);
INSERT INTO `mydb`.`staff` (`id_staff`, `nome_staff`, `ginásio_id_ginásio`) VALUES (00005321, 'Fernando Manuel', 1);
INSERT INTO `mydb`.`staff` (`id_staff`, `nome_staff`, `ginásio_id_ginásio`) VALUES (00007342, 'José Pinto', 1);
INSERT INTO `mydb`.`staff` (`id_staff`, `nome_staff`, `ginásio_id_ginásio`) VALUES (00008453, 'Marta Vigo', 1);
INSERT INTO `mydb`.`staff` (`id_staff`, `nome_staff`, `ginásio_id_ginásio`) VALUES (00001251, 'João Peixoto', 1);
INSERT INTO `mydb`.`staff` (`id_staff`, `nome_staff`, `ginásio_id_ginásio`) VALUES (00007241, 'Susana Silva', 1);

-- ----------------------------------------------------PT-------------------------------------------------------------------------


INSERT INTO `mydb`.`pt` (`id_pt`, `nome_pt`, `ginásio_id_ginásio`) VALUES (10001245, 'Fernando Rocha', 1);
INSERT INTO `mydb`.`pt` (`id_pt`, `nome_pt`, `ginásio_id_ginásio`) VALUES (10007236, 'Paulo Boas', 1);
INSERT INTO `mydb`.`pt` (`id_pt`, `nome_pt`, `ginásio_id_ginásio`) VALUES (10005182, 'Tiago Matos', 1);
INSERT INTO `mydb`.`pt` (`id_pt`, `nome_pt`, `ginásio_id_ginásio`) VALUES (10001427, 'João Peixoto', 1);
INSERT INTO `mydb`.`pt` (`id_pt`, `nome_pt`, `ginásio_id_ginásio`) VALUES (10004122, 'Dimitri Cozniev', 1);
INSERT INTO `mydb`.`pt` (`id_pt`, `nome_pt`, `ginásio_id_ginásio`) VALUES (10005214, 'Ângela Carvalho', 1);
INSERT INTO `mydb`.`pt` (`id_pt`, `nome_pt`, `ginásio_id_ginásio`) VALUES (10005215, 'Sónia Mar', 1);
INSERT INTO `mydb`.`pt` (`id_pt`, `nome_pt`, `ginásio_id_ginásio`) VALUES (10004218, 'Augusto Silva', 1);
INSERT INTO `mydb`.`pt` (`id_pt`, `nome_pt`, `ginásio_id_ginásio`) VALUES (10009519, 'Mário Martins', 1);
INSERT INTO `mydb`.`pt` (`id_pt`, `nome_pt`, `ginásio_id_ginásio`) VALUES (10005127, 'António Silva', 1);

-- ----------------------------------------------------AULAS-----------------------------------------------------------

INSERT INTO `mydb`.`aulas` (`id_aulas`, `nome_aulas`, `pt_id_pt`, `ginasio_id_ginasio`, `membro_id_membro`, `data_aulas`) VALUES (1, 'Pilates', 10001427, 1, 40005124, '2020/12/18');
INSERT INTO `mydb`.`aulas` (`id_aulas`, `nome_aulas`, `pt_id_pt`, `ginasio_id_ginasio`, `membro_id_membro`, `data_aulas`) VALUES (2, 'Core', 10004122, 1, 40005216, '2020/12/21');
INSERT INTO `mydb`.`aulas` (`id_aulas`, `nome_aulas`, `pt_id_pt`, `ginasio_id_ginasio`, `membro_id_membro`, `data_aulas`) VALUES (3, 'Cycling', 10005182, 1, 40006126, '2020/12/21');
INSERT INTO `mydb`.`aulas` (`id_aulas`, `nome_aulas`, `pt_id_pt`, `ginasio_id_ginasio`, `membro_id_membro`, `data_aulas`) VALUES (4, 'Yoga', 10005214, 1, 40006121, '2020/12/21');
INSERT INTO `mydb`.`aulas` (`id_aulas`, `nome_aulas`, `pt_id_pt`, `ginasio_id_ginasio`, `membro_id_membro`, `data_aulas`) VALUES (5, 'Judo', 10005215, 1, 40007235, '2020/12/21');
INSERT INTO `mydb`.`aulas` (`id_aulas`, `nome_aulas`, `pt_id_pt`, `ginasio_id_ginasio`, `membro_id_membro`, `data_aulas`) VALUES (6, 'Pilates', 10001427, 1, 40007231, '2020/12/19');
INSERT INTO `mydb`.`aulas` (`id_aulas`, `nome_aulas`, `pt_id_pt`, `ginasio_id_ginasio`, `membro_id_membro`, `data_aulas`) VALUES (7, 'Pilates', 10001427, 1, 40008943, '2020/12/20');
INSERT INTO `mydb`.`aulas` (`id_aulas`, `nome_aulas`, `pt_id_pt`, `ginasio_id_ginasio`, `membro_id_membro`, `data_aulas`) VALUES (8, 'Cycling', 10005182, 1, 40007234, '2020/12/23');
INSERT INTO `mydb`.`aulas` (`id_aulas`, `nome_aulas`, `pt_id_pt`, `ginasio_id_ginasio`, `membro_id_membro`, `data_aulas`) VALUES (9, 'Yoga', 10005214, 1, 40008349, '2020/12/22');
INSERT INTO `mydb`.`aulas` (`id_aulas`, `nome_aulas`, `pt_id_pt`, `ginasio_id_ginasio`, `membro_id_membro`, `data_aulas`) VALUES (10, 'Core', 10004122, 1, 40007326, '2020/12/22');
